{
	"departments": [
		{
			"id": "1",
			"name": "Шпитьківська Дитяча Школа Мистецтв",
			"town": "Шпитьки",
			"address": "08122, Київська обл., Києво-Святошинський район, с. Шпитьки, вул. Господарська, 3.",
			"phone": "+38(050)963-54-38",
			"info": "Заняття також проходять в приміщенні Будинку культури, за адресою Покровська, 8.",
			"latitude": 50.412786,
			"longitude": 30.114327,
			"image": "shpitky/shpitky.jpg"
		},
		{
			"id": "2",
			"name": "Білогородська музична школа",
			"town": "Білогородка",
			"address": "08140, Київська обл., Києво-Святошинський район, c. Білогородка, вул. О. Саєнка, 1.",
			"phone": "",
			"info": "",
			"latitude": 50.394919,
			"longitude": 30.238246,
			"image": "bilohorodka/bilohorodka.jpg"
		},
		{
			"id": "3",
			"name": "",
			"town": "Гореничі",
			"address": "08114, Київська обл., Києво-Святошинський район, c. Гореничі, вул. Соборна, 203",
			"phone": "",
			"info": "Заняття проходять в приміщенні Будинку культури.",
			"latitude": 50.414354,
			"longitude": 30.205580,
			"image": "horenichi/horenichi.jpg"
		},
		{
			"id": "4",
			"name": "Дмитрівка",
			"town": "Дмитрівка",
			"address": "08112, Київська обл., Києво-Святошинський район, c. Дмитрівка, вул. Садова, 2.",
			"phone": "",
			"info": "Заняття проходять в приміщенні Будинку культури.",
			"latitude": 50.457855,
			"longitude": 30.168800
		},
		{
			"id": "5",
			"name": "",
			"town": "Михайлівка-Рубежівка",
			"address": "08110, Київська обл., Києво-Святошинський район, c. Михайлівка-Рубежівка, вул. Церковна, 25б.",
			"phone": "",
			"info": "Заняття проходять в приміщенні загальноосвітньої школи.",
			"latitude": 50.523332,
			"longitude": 30.135913
		},
		{
			"id": "6",
			"name": "Петрушки",
			"town": "Петрушки",
			"address": "",
			"phone": "",
			"info": "",
			"latitude": 50.420382,
			"longitude": 30.166081
		},
		{
			"id": "7",
			"name": "",
			"town": "Личанка",
			"address": "08162, Київська обл., Києво-Святошинський район, c. Личанка, вул. Центральна, 62.",
			"phone": "",
			"info": "Заняття проходять в приміщенні сільского клубу.",
			"latitude": 50.405670,
			"longitude": 30.093932,
			"image": "lichanka/lichanka.jpg"
		},
		{
			"id": "8",
			"name": "Бузова",
			"town": "Бузова",
			"address": "08120, Київська обл., Києво-Святошинський район, c. Бузова, вул. Центральна, 1.",
			"phone": "",
			"info": "Заняття проходять в приміщенні сільської ради.",
			"latitude": 50.416409,
			"longitude": 30.044363
		},
		{
			"id": "9",
			"name": "",
			"town": "Музичі",
			"address": "08125, Київська обл., Києво-Святошинський район, c. Музичі, вул. Музична, 2б.",
			"phone": "+38(097)303-02-56",
			"info": "Заняття проходять в приміщенні Будинку культури.",
			"latitude": 50.358439,
			"longitude": 30.111937,
			"image": "muzichi/muzichi.jpg"
		}
	]
}
